race,stroke_duration,se
white,9.10256208151901,0.459042713028822
black,8.5151896994642,0.526487530605322
other,7.15199844201868,0.568622880658861
